{
  "policies": {
    "c57edb26-e3e8-4ba4-9b2b-c5bd655f6985": {
      "fields": [
        "protocol",
        "action"
      ],
      "created": 1742734120.277094,
      "enabled": true
    }
  },
  "templates": {
    "c57edb26-e3e8-4ba4-9b2b-c5bd655f6985": {
      "log": "{\"timestamp\": \"2025-03-23 10:14:42.778\", \"type\": \"SYSTEM\", \"source_name\": \"Forti-Test\", \"source_ip\": \"232.231.150.2\", \"source_port\": 53183, \"destination_ip\": \"115.205.0.215\", \"destination_port\": 51771, \"protocol\": \"HTTP\", \"action\": \"drop\", \"session_id\": \"s37493\", \"bytes_sent\": 4975, \"bytes_received\": 4302, \"rule_id\": \"r7845\"}",
      "fields": {
        "timestamp": {
          "type": "str",
          "example": "2025-03-23 10:14:42.778",
          "length": 23
        },
        "type": {
          "type": "str",
          "example": "SYSTEM",
          "length": 6
        },
        "source_name": {
          "type": "str",
          "example": "Forti-Test",
          "length": 10
        },
        "source_ip": {
          "type": "str",
          "example": "232.231.150.2",
          "length": 13
        },
        "source_port": {
          "type": "int",
          "example": "53183",
          "formatted": "53,183"
        },
        "destination_ip": {
          "type": "str",
          "example": "115.205.0.215",
          "length": 13
        },
        "destination_port": {
          "type": "int",
          "example": "51771",
          "formatted": "51,771"
        },
        "protocol": {
          "type": "str",
          "example": "HTTP",
          "length": 4
        },
        "action": {
          "type": "str",
          "example": "drop",
          "length": 4
        },
        "session_id": {
          "type": "str",
          "example": "s37493",
          "length": 6
        },
        "bytes_sent": {
          "type": "int",
          "example": "4975",
          "formatted": "4,975"
        },
        "bytes_received": {
          "type": "int",
          "example": "4302",
          "formatted": "4,302"
        },
        "rule_id": {
          "type": "str",
          "example": "r7845",
          "length": 5
        }
      },
      "timestamp": 1742734052.778254
    }
  }
}